"Customer ID",total_sales
SM-20320,25043.05
TC-20980,19017.847999999998
RB-19360,15117.339
TA-21385,14595.62
AB-10105,14355.610999999997
SC-20095,14142.333999999999
KL-16645,14071.917
HL-15040,12873.297999999999
SE-20110,12209.438000000002
CC-12370,12129.072
